[
    {"id": 1, "company": "Microsoft"},
    {"id": 2, "company": "Google"},
    {"id": 3, "company": "Apple"},
    {"id": 4, "company": "Amazon"},
    {"id": 5, "company": "Facebook"},
    {"id": 6, "company": "Oracle"},
    {"id": 7, "company": "IBM"},
    {"id": 8, "company": "Adobe"},
    {"id": 9, "company": "Salesforce"},
    {"id": 10, "company": "Intel"},
    {"id": 11, "company": "SAP"},
    {"id": 12, "company": "Cisco"},
    {"id": 13, "company": "Nvidia"},
    {"id": 14, "company": "Tesla"},
    {"id": 15, "company": "Netflix"},
    {"id": 16, "company": "Twitter"},
    {"id": 17, "company": "LinkedIn"},
    {"id": 18, "company": "PayPal"},
    {"id": 19, "company": "Zoom"},
    {"id": 20, "company": "Snap"},
    {"id": 21, "company": "Uber"},
    {"id": 22, "company": "Airbnb"},
    {"id": 23, "company": "Dropbox"},
    {"id": 24, "company": "Slack"},
    {"id": 25, "company": "Shopify"},
    {"id": 26, "company": "Atlassian"},
    {"id": 27, "company": "VMware"},
    {"id": 28, "company": "Qualcomm"},
    {"id": 29, "company": "HP"},
    {"id": 30, "company": "Tencent"},
    {"id": 31, "company": "Alibaba"},
    {"id": 32, "company": "Baidu"},
    {"id": 33, "company": "Sony"},
    {"id": 34, "company": "Samsung"},
    {"id": 35, "company": "Lenovo"},
    {"id": 36, "company": "Adobe"},
    {"id": 37, "company": "Square"},
    {"id": 38, "company": "Zynga"},
    {"id": 39, "company": "Red Hat"},
    {"id": 40, "company": "Electronic Arts"},
    {"id": 41, "company": "Activision Blizzard"},
    {"id": 42, "company": "Twitter"},
    {"id": 43, "company": "Pinterest"},
    {"id": 44, "company": "Square Enix"},
    {"id": 45, "company": "Epic Games"},
    {"id": 46, "company": "Ubisoft"},
    {"id": 47, "company": "Capcom"},
    {"id": 48, "company": "Sega"},
    {"id": 49, "company": "Bandai Namco"},
    {"id": 50, "company": "Konami"}
]
